merged,codons,lit,V5
Ala_cluster1,sc_tRNAAla_AGC,tdbR00000012,gggcgtgtggcgtagtcggtagcgcgctcccttagcatgggagaggtctccggttcgattccggactcgtccacca
Arg_cluster2,sc_tRNAArg_TCT,tdbR00000370,gctcgcgtggcgtaatggcaacgcgtctgacttctaatcagaagattatgggttcgacccccatcgtgagtgcca
Asn_cluster4,sc_tRNAAsn_GTT,tdbR00000300,gactccatggccaagttggttaaggcgtgcgactgttaatcgcaagatcgtgagttcaaccctcactggggtcgcca
Cys_cluster1,sc_tRNACys_GCA,tdbR00000021,gctcgtatggcgcagtggtagcgcagcagattgcaaatctgttggtccttagttcgatcctgagtgcgagctcca
Glu_cluster1,sc_tRNAGlu_CTC,tdbR00000054,tccgatatagtgtaacggctatcacatcacgctttcaccgtggagaccggggttcgactccccgtatcggagcca
Ile_cluster1,sc_tRNAIle_AAT,tdbR00000170,ggtctcttggcccagttggttaaggcaccgtgctaataacgcggggatcagcggttcgatcccgctagagaccacca
Leu_cluster1,sc_tRNALeu_CAA,tdbR00000249,ggttgtttggccgagcggtctaaggcgcctgattcaagctcaggtatcgtaagatgcaagagttcgaatctcttagcaaccacca
Leu_cluster2,sc_tRNALeu_TAA,tdbR00000251,ggagggttggccgagtggtctaaggcggcagacttaagatctgttggacggttgtccgcgcgagttcgaacctcgcatccttcacca
Leu_cluster3,sc_tRNALeu_TAG,tdbR00000250,gggagtttggccgagtggtttaaggcgtcagatttaggctctgatatcttcggatgcaagggttcgaatcccttagctctcacca
Lys_cluster1,sc_tRNALys_CTT,tdbR00000192,gccttgttggcgcaatcggtagcgcgtatgactcttaatcataaggttaggggttcgagccccctacagggctcca
Lys_cluster2,sc_tRNALys_TTT,tdbR00000193,tccttgttagctcagttggtagagcgttcggcttttaaccgaaatgtcaggggttcgagccccctatgaggagcca
Met_cluster2,sc_tRNAiMet_CAT,tdbR00000526,agcgccgtggcgcagtggaagcgcgcagggctcataaccctgatgtcctcggatcgaaaccgagcggcgctacca
Pro_cluster1,sc_tRNAPro_AGG,tdbR00000324,gggcgtgtggtctagtggtatgattctcgctttgggtgcgagaggccctgggttcaattcccagctcgcccccca
Pro_cluster1,sc_tRNAPro_AGG,tdbR00000323,gggcgtgtggtctagtggtatgattctcgctttgggtgcgagaggccctgggttcaattcccagctcgcccccca
Thr_cluster1,sc_tRNAThr_AGT,tdbR00000443,gcttctatggccaagttggtaaggcgccacactagtaatgtggagatcatcggttcaaatccgattggaagcacca
Trp_cluster3,sc_tRNATrp_CCA,tdbR00000494,gaagcggtggctcaatggtagagctttcgactccaaatcgaagggttgcaggttcaattcctgtccgtttcacca
Tyr_cluster3,sc_tRNATyr_GTA,tdbR00000555,ctctcggtagccaagttggtttaaggcgcaagactgtaaatcttgagatcgggcgttcgactcgcccccgggagacca
Val_cluster2,sc_tRNAVal_CAC,tdbR00000465,gttccaatagtgtagcggctatcacgttgccttcacacggcaaaggtcccgagttcgatcctcggttggaacacca
Val_cluster3,sc_tRNAVal_TAC,tdbR00000466,ggtccaatggtccagtggttcaagacgtcgcctttacacggcgaagatcccgagttcgaacctcggttggatcacca
Gly_cluster2,sc_tRNAGly_TCC,NA,gggcggttagtgtagtggttatcatcccacccttccaaggtggggacacgggttcgattctcgtaccgctcacca
Ala_cluster2,sc_tRNAAla_TGC,NA,gggcacatggcgcagttggtagcgcgcttcccttgcaaggaagaggtcatcggttcgattccggttgcgtccaccca
Arg_cluster1,sc_tRNAArg_ACG,NA,ttcctcgtggcccaatggtcacggcgtctggctacgaaccagnagattccaggttcnagtcctggcggggaagcca
Ser_cluster2,sc_tRNASer_GCT,NA,gtcccagtggccgagtggttaaggcgatgccctgctaaggcattgggttttacctgcgcaggttcgaatcctgtctgtgacgcca
Arg_cluster3,sc_tRNAArg_CCG,NA,gctcctctagtgcaatggttagcatgcattcttccggtggctgtgatccgggttcgagtcccgggaggagctcca
Arg_cluster4,sc_tRNAArg_CCT,NA,gttccgttggcgtaatggtaacgcgtctccctcctaaggagaagactgcgggttcgagtcccgtacggaacgcca
Thr_cluster3,sc_tRNAThr_CGT,NA,gcccttttggccaagtggtaaggcatcgcactcgtaatgcggggatcgtgggttcaattcccacagagggcacca
Asp_cluster1,sc_tRNAAsp_GTC,NA,tccnnnanagtttaatggtcagaatgggcgcttgtcgcgtgccagatcggggttcaattccccgtcgcggagcca
Gly_cluster1,sc_tRNAGly_GCC,NA,gcgcaagtggtttagtggtaaaatccaacgttgccatcgttgggcccccggttcgattccgggcttgcgcacca
Gln_cluster1,sc_tRNAGln_TTG,NA,ggtnntatagtgtagtggttatcactttcggttttgatccgnacaaccccggttcgaatccgggtangacctcca
Met_cluster1,sc_tRNAMet_CAT,NA,gcttcagtagctcagtaggaagagcgtcagtctcataatctgaaggtcgagagttcgaacctcccctggagcacca
Gly_cluster3,sc_tRNAGly_CCC,NA,gcgnaagtggttcagtggttagaattnatgcttcccaagcatgnggcccgggttcgattcccggcttncgcacca
Leu_cluster4,sc_tRNALeu_GAG,NA,ggtactctggccgagtggtctaaggcgtcaggtcgaggtcctgatctcttcggaggcgcgggttcaaaccccgcgggtatcacca
Thr_cluster2,sc_tRNAThr_TGT,NA,gcctccttagcttagtggtagagcgttgcacttgtaatgcaaaggtcgntagttcaattctgncaggtggcacca
His_cluster3,sc_tRNAHis_GTG,NA,gccatcttagtatagtggttagtacacatcgttgtggccgatgaaaccctggttcgattctaggagatggcacca
Ile_cluster2,sc_tRNAIle_TAT,NA,gctcgtgtagctcagtggttagagcttcgtgcttataacgcgaccgtcgtgggttcaanccccacctcgagcacca
Ser_cluster3,sc_tRNASer_TGA,NA,ggcactatggccgagtggttaaggcganagactngaaatctnttgggctctgcccgcgctggttcaaatcctgctggtgtcgcca
Phe_cluster1,sc_tRNAPhe_GAA,NA,gcgganttagctcagttgggagagcgccagactgaagatctggaggtcctgtgttcgatccacaganttcgcacca
Val_cluster1,sc_tRNAVal_AAC,NA,ggtttcgtggtctagtcggttatggcatctgcttaacacgcagaacgtccccagttcgatcctgggcgaaatcncca
Ser_cluster1,sc_tRNASer_AGA,NA,ggcaacttggccgagtggttaaggcgaaagattagaaatcttttgggctttgncccgcgcaggttcgagtcctgcagttgtcgcca
NA,NA,tdbR00000130,gggcggttagtgtagtggttatcatcccaccctnccaaggtggggacacgggttcgattctcgtaccgctcacca
NA,NA,tdbR00000035,tccgtgatagtttaatggtcagaatgggcgcttgtcgcgtgccagatcggggttcaattccccgtcgcggagcca
NA,NA,tdbR00000371,gcttgcgtggcgtaatggcaacgcgtctgacttctaatcagaagattatgggttcgacccccatcgtgagtccca
NA,NA,tdbR00000369,ttcctcgtggcccaatggtcacggcgtctggctacgaaccagaagattccaggttcaagtcctggcggggaagcca
NA,NA,tdbR00000083,gcggatttagctcagttgggagagcgccagactgaagatctggaggtcctgtgttcgatccacagaattcgcacca
NA,NA,tdbR00000129,gcgcaagtggtttagtggtaaaatccaacgttgccatcgttgggccccggttcgattccgggcttgcgcacca
NA,NA,tdbR00000144,ggccatcttagtatagtggttagtacacaacattgtggctgttgaaaccctggttcgattctaggaggtggcacca
NA,NA,tdbR00000145,ggccatcttagtatagtggttagtacacatcgttgtggccgatgaaaccctggttcgattctaggagatggcacca
NA,NA,tdbR00000407,ggcaacttggccgagtggttaaggcgaaagattagaaatcttttgggctctgcccgcgcaggttcaaatcctgcagttgtcgcca
NA,NA,tdbR00000084,gcggacttagctcagttgggagagcgccagactgaagatctggaggtcctgtgttcgatccacagagttcgcacca
NA,NA,tdbR00000406,ggcactatggccgagtggttaaggcgacagacttgaaatctgttgggctctgcccgcgctggttcaaatcctgctggtgtcgcca
NA,NA,tdbR00000284,gcttcagtagctcagtaggaagagcgtcagtctcataatctgaaggtcgagagttcgaacctctcctggagcacca
NA,NA,tdbR00000444,gcttctatggccaagttggtaaggcgccacactagtaatgtggagatcgtcggttcaaatccgactggaagcacca
NA,NA,tdbR00000408,ggcaacttggccgagtggttaaggcgaaagattagaaatcttttgggctttgcccgcgcaggttcgagtcctgcagttgtcgcca
NA,NA,tdbR00000464,ggtttcgtggtctagtcggttatggcatctgcttaacacgcagaacgtccccagttcgatcctgggcgaaatcacca
