getName.ref2.,ref2Seq
Ala_cluster1,ggggatgtagctcatatggtagagcgctcgcttngcatgcgagaggcacggggttcgattccccgcatctccacca
Arg_cluster1,gactccatggcccaatggataaggcgctggtctacgaaaccagagattctgggttcgatccccagtggagtcgcca
Arg_cluster2,gaccgcatagcgcagtggattagcgcgtntgacttcggatcanaaggtcgtgggttcgactcccactgtggtcgcca
Arg_cluster3,gcacccgtggcctaatggataaggcgtttgacttctaatcaaacgattgtgggttcgagtcccaccgggtgtgcca
Arg_cluster4,gnnngcgtggcctaatggataaggcgctcgcctccgnagcgggagattgtgggttcgantcccancgngnncgcca
Arg_cluster5,gcgcctgtagctcagtggatagagcgtctgtttcctaagcagaangtcgnaggttcgacccctncctggcgcgcca
Arg_cluster6,gcgctcgtggcccaatggataaggcgtctgacttctaatcagacgattgtgggttcgatccccaccgagcgtgcca
Arg_cluster7,gatcccatagcggagtggatatcgcgttagactccgaatctaaaggtcgtgggttcgattcccactgggatcacca
Asn_cluster1,gctggaatagctcagttggttagagcgtgtggctgttaaccacaaggtcggaggttcganccctccttctagcgcca
Asn_cluster2,gctggagtagctcagttggttagagcgtgtggctgttaaccacaaggtcagaggttcgacccctntctctagcgcca
Asn_cluster3,tcctcagtagctcagtggtagagcggtcggctgttaactgattggtcgtaggttcaaatcctacttggggagcca
Asn_cluster4,gctggaatagctcagtaggtttagagcgtgtggctgttaacctcaaggtcggaggttcgacccctcctttcagcgcca
Asp_cluster1,gtcgttgtagtatagtggtaagtattcccgcctgtcacgcgggtgacccgggttcgatccccggcaacggcgcca
Cys_cluster1,gggtccatagctcagtggtagagcaattgactgcagatcaataggtcaccggttcgaacccggttgggccctcca
Gln_cluster1,ggtncnatggtctagnggtnaggacattggactctgaatccagtaacccgagttcaagtctcggtngnacctcca
Gln_cluster2,ggttctatggtgtagtggttagcactcnggactttgaatccngcgacctgggttcgactcccggtagnacctcca
Glu_cluster1,tccgtngtagtctagctggtnaggatactcggctctcacccgagagacccgggttcgagtcccggcnacggagcca
Glu_cluster2,tccgttgtcgtccagcggttaggatatctggctttcacccaggagacccgggttcgattcccggcaacggagcca
Gly_cluster2,gcaccagtggtctagtggtagaatagtaccctgccacggtacagacccgggttcnattcccggctggtgcacca
Gly_cluster1,gcgcatctggtgtagtggtatcatagtaccctcccacggtactgaccagggttcgattccctggatgcgcacca
Gly_cluster3,gcgtctgtagtccaacggttaggataattgccttccaagcaatagacccgggttcgactcccggcagacgcacca
His_cluster1,gtggctgtagtttagtggttagaattccacgttgtggccgtggagacctgggctcgaatcccagcagccacacca
Ile_cluster1,ggccnattagctcagttggttagagcgtcgtgctaataacgcgaaggtcncaggttcganncctgnatnggccacca
Ile_cluster2,gntcccgtagctcagttggttagagcgttggtcttatgagccgaaggtcgcgggttcgagccccgccggnancacca
Leu_cluster1,gtnnanatggccgagttggtctaaggcgccagnttnaggtnctggtccgaaagggcgtgggttcaaatcccactntnnacacca
Leu_cluster2,gacagtttggccgagtggtctaaggcgccagatttaggctctggtccgaaagggcgtgggttcaaatcccacagctgtcacca
Leu_cluster3,gtcaggatggccgagtggtctaaggcgccagactcaagttctggtcctcgtaagagggcgtgggttcaaatcccacttctgacacca
Leu_cluster4,gcaggtttgcccgagtggttaagggggaagacttaagttcttctgcacataagtgcgcgtgggttcgaaccccacagcctgcacca
Leu_cluster5,gggcatttggtctagtggtttgattttcgcttaaggtgcgagaggtcccgagttcaattctcagaatgcccccca
Lys_cluster1,gcccgtctagctcagttggtagagcgcaaggctcttaaccttgtggtcgtgggttcgagccccacggtgggcgcca
Lys_cluster2,gccgtcttagctcagtggtagagcgcgtggcttttaaccacgtggccgtgggttcgatccccacagacggcgcca
Met_cluster1,atcagagtggcgcagcggaagcgtggtgggcccataacccacaggtcccaggatcgaaacctggctctgatacca
Met_cluster2,ggggtggtggcgcagttggctagcgcgtaggtctcataatcctgaggtcgagagttcgagcctctctcaccccacca
Phe_cluster2,gcggggatagctcagttgggagagcgtcagactgaagatctgaaggtcgcgtgttcgatccacgctcaccgcacca
Pro_cluster1,gggcatttggtctagtggtatgattctcgcttngggtgcgagaggtcccgagttcgattctcggaatgcccccca
Ser_cluster1,gtcgctttggccgagtggttaaggcgtntgcctgctaagtanatggggtttccccgcgagagttcgaatctctcaggcgacgcca
Ser_cluster2,gtcaatatgtccgagtggttaaggaganagacttgaaatctnttgggcttcgcccgcgcaggttcgaaccctgctgttgacgcca
Ser_cluster3,gtggacgtgccggagtggttatcgggcatgactagaaatcatgtgggctttgcccgcgcaggttcgaatcctgccgttnacgcca
Ser_cluster4,ggagagatggccgagtggtttaaggcgtagcattggaactgctatgtaggcttttgtttaccgagggttcgaatccctctctttccgcca
Thr_cluster1,gctntcntagctcagttggttagagcacccgtttagtaagcgggaggtcttgagttcaactctcaanganagcacca
Thr_cluster2,gcctccgtagcatagtggtattgcgttcgcttcgtaagcgaaaggccgcgagttcgatcctcgccggaggctcca
Thr_cluster3,gcccgtatagctcagtggtagagcgtcagtcttgtaaactgaaggtccgtagttcgatcctgcgtgtgggcacca
Trp_cluster1,ggatccgtggcgcaatggtagcgcgtctgactccagatcagaaggttgcgtgttcgattcacgtcgggttcacca
Trp_cluster2,gcgctcttagttcagttcggtagaacgtgggtctccaaaacccaatgtcgtaggttcaaatcctacagagcgtgcca
Tyr_cluster1,ccgaccttagctcagttggtagagcggaggactgtagatccttaggtcactggttcgaatccggtaggtcggacca
Val_cluster1,ggtttcgtggtgtagttggttatcacgtcagtctaacacactnaaggtctccggttcgaacccgggcgaagccacca
Val_cluster2,gtctgggtngtgtagtcggttatcacgctagtctcacacactagaggtccccggttcgaacccgggctcagacacca
Val_cluster3,ggtgctgtggtgtagtggttatcacgtttgccttacacgcaaaaggtctccagttcgatcctgggcagcaccacca
