getName.ref1.,ref1Seq,V3,V4,V5
tdbR00000007,ggagccttagctcagctgggagagcgcctgctttgcacgcaggaggtcagcggttcgatcccgctaggctccacca,1,Ala_cluster1,ggggccttagctcagctgggagagcgcctgctttgcacgcaggaggtcagcggttcgatcccgctaggctccacca
tdbR00000354,gcgcccgtagctcaatggatagagcgtttgactacggatcaaaaggttaggggttcgactcccctcgggcgcgcca,2,Arg_cluster1,gcgcccgtagctcaattggatagagcgtttgactacggatcaaaaggttaggggttcgactcctctcgggcgcgcca
tdbR00000116,gcgggtgtagtttagtggtaaaacctcagccttccaagctgatgtcgtgagttcgattctcatcacccgctcca,0,Gly_cluster2,gcgggtgtagtttagtggtaaaacctcagccttccaagctgatgtcgtgngttcgattcncatcacccgctcca
tdbR00000156,ggacctttagctcagttggttagagcagacggctcataaccgtccggtcgtaggttcgagtcctacaaggtccacca,0,Ile_cluster2,ggacctttagctcagttggttagagcagacggctcataaccgtccggtcgtaggttcgagtcctacaaggtccacca
tdbR00000507,cgcggggtggagcagttcggtagctcgtcgggctcataacccgaaggtcgcaggttcaaatcctgcccccgcaacca,0,Met_cluster2,cgcggggtggagcagttcggtagctcgtcgggctcataacccgaaggtcgcaggttcaaatcctgcccccgcaacca
tdbR00000179,gagccattagctcagttggtagagcatctgacttttaatcagagggtcgaaggttcgagtccttcatggctcacca,0,Lys_cluster5,gagccattagctcagttggtagagcatctgacttttaatcagagggtcgaaggttcgagtccttcatggctcacca
tdbR00000180,gagccattagctcagttggtagagcatctgacttttaatcagagggtcgaaggttcgagtccttcatggctcacca,0,Lys_cluster5,gagccattagctcagttggtagagcatctgacttttaatcagagggtcgaaggttcgagtccttcatggctcacca
tdbR00000274,ggcggtgtagctcagcggctagagcgtacggttcatacccgtgaggtcgggggttcgatcccctccgccgctacca,1,Met_cluster1,ggcggtgtagctcagctggctagagcgtacggttcatacccgtgaggtcgggggttcgatcccctccgccgctacca
tdbR00000065,ggctcggtagctcagttggtagagcaacggactgaaaatccgtgtgtcggcggttcgattccgtcccgagccacca,0,Phe_cluster1,ggctcggtagctcagttggtagagcaacggactgaaaatccgtgtgtcggcggttcgattccgtcccgagccacca
tdbR00000316,cgggaagtagctcagcttggtagagcacatggtttgggaccatggggtcgcaggttcgaatcctgtcttcccgacca,0,Pro_cluster1,cgggaagtagctcagcttggtagagcacatggtttgggaccatggggtcgcaggttcgaatcctgtcttcccgacca
tdbR00000387,ggaggaatacccaagtctggctgaagggatcggtcttgaaaaccgacagggtgtcaaagcccgcgggggttcgaatccctcttcctccgcca,1,Ser_cluster3,ggaggaatacccaagtcnggctgaagggatcggtcttgaaaaccgacaggggtgtcaaagcccgcgggggttcgaatccctcttcctccgcca
tdbR00000388,ggagaagtactcaagtggctgaagaggcgcccctgctaagggtgtaggtcgcgtaagcggcgcgagggttcaaatccctccttctccgcca,0,Ser_cluster1,ggagaagtactcaagtggctgaagaggcgcccctgctaagggtgtaggtcgngtaagcggcgcgagggttcaaatccctccttctccgcca
tdbR00000389,ggagagctgtccgagtggtcgaaggagcacgattggaaatcgtgtaggcggtcaactccgtctcaagggttcgaatcccttgctctccgcca,0,Ser_cluster2,ggagagctgtccgagtggtcgaaggagcacgattggaaatcgtgtaggcggtcaactccgtctcaagggttcgaatcccttgctctccgcca
tdbR00000436,gccggtgtagctcaattggtagagcaactgacttgtaatcagtaggttgggggttcaagtcctcttgccggcacca,0,Thr_cluster1,gccggtgtagctcaattggtagagcaactgacttgtaatcagtaggttgggggttcaagtcctcttgccggcacca
tdbR00000483,aggggcatagtttaacggtagaacagaggtctccaaaacctccggtgtgggttcgattcctactgcccctgcca,0,tRNA-Trp-CCA-1-1,aggggcatagtttaacggtagaacagaggtctccaaaacctccggtgtgggttcgattcctactgcccctgcca
tdbR00000543,ggaggggtagcgaagtggctaaacgcggcggactgtaaatccgctccctcagggttcggcagttcgaatctgcccccctccacca,0,Tyr_cluster2,ggaggggtagcgaagtggctaaacgcggcggactgtaaatccgctccctcagggttcggcagttcgaatctgcccccctccacca
tdbR00000544,ggaggggtagcgaagtggctaaacgcggcggactgtaaatccgctccctcagggttcggcagttcgaatctgcccccctccacca,0,Tyr_cluster2,ggaggggtagcgaagtggctaaacgcggcggactgtaaatccgctccctcagggttcggcagttcgaatctgcccccctccacca
tdbR00000453,ggaggattagctcagctgggagagcatctgccttacaagcagagggtcggcggttcgagcccgtcatcctccacca,0,Val_cluster1,ggaggattagctcagctgggagagcatctgccttacaagcagagggtcggcggttcgagcccgtcatcctccacca
tdbR00000219,gcgggtgtgcgggaattggtagaccggctagattcaggatctagggtctttatggacctgagggttcaagtcccttcacccgcacca,NA,NA,NA
